campus,codes,building,street_address,city_state,mapping_status,printer_count,notes,sources
AR,"AR-FH, AR-FHB, AR-FHLIB",Van Metre Hall,3351 Fairfax Drive,"Arlington, VA",Corroborated,12,Formerly Founders Hall; FHB is the basement variant and FHLIB is the Mason Square Library in this building. Public printer rooms 211A and 702 corroborate the match.,https://ready.gmu.edu/fire-safety/addresses-assembly-areas/; https://printandmail.gmu.edu/locateprinters/; https://registrar.gmu.edu/topics/building-codes/; https://abs.gmu.edu/campus-printer-fleet-upgrade-underway/
AR,AR-FSB,Fuse at Mason Square,3401 Fairfax Drive,"Arlington, VA",Confirmed,7,Printer code confirmed by the user on 19 September 2026; physical address from the GMU building address directory.,https://ready.gmu.edu/fire-safety/addresses-assembly-areas/; https://masonsquare.gmu.edu/fuse
AR,"AR-HH, AR-HHB, AR-LAWLIB",Hazel Hall,3301 Fairfax Drive,"Arlington, VA",Corroborated,11,LAWLIB printers are inside Hazel Hall. HHB is interpreted as the Hazel basement variant; the exact HHB-FLD room is not independently verified.,https://ready.gmu.edu/fire-safety/addresses-assembly-areas/; https://printandmail.gmu.edu/locateprinters/; https://abs.gmu.edu/campus-printer-fleet-upgrade-underway/
AR,AR-VSH,Vernon Smith Hall,3434 Washington Boulevard,"Arlington, VA",Corroborated,4,Printer room 5023 also appears in the university replacement schedule.,https://ready.gmu.edu/fire-safety/addresses-assembly-areas/; https://registrar.gmu.edu/topics/building-codes/; https://abs.gmu.edu/campus-printer-fleet-upgrade-underway/
FX,FX-4260CBR,University Park,4260 Chain Bridge Road,"Fairfax, VA",Corroborated,2,"The street number is part of the building label, not a floor. Replacement schedule identifies room A501B at this address.",https://ready.gmu.edu/fire-safety/addresses-assembly-areas/; https://registrar.gmu.edu/topics/building-codes/; https://abs.gmu.edu/campus-printer-fleet-upgrade-underway/
FX,FX-9900MS,9900 Main Street building,9900 Main Street,"Fairfax, VA",Corroborated,1,"Off-campus Fairfax offices; the station is on floor 4, room 423. This is not Van Metre Hall in Arlington.",https://psychology.gmu.edu/services; https://registrar.gmu.edu/topics/building-codes/; https://abs.gmu.edu/campus-printer-fleet-upgrade-underway/
FX,"FX-AB, FX-ABL",Art and Design Building,4515 Patriot Circle,"Fairfax, VA",Corroborated,7,ABL is the lower-level variant. The university lists printers in the lower-level lobby and rooms matching AB stations.,https://ready.gmu.edu/fire-safety/addresses-assembly-areas/; https://printandmail.gmu.edu/locateprinters/; https://registrar.gmu.edu/topics/building-codes/; https://abs.gmu.edu/campus-printer-fleet-upgrade-underway/
FX,FX-ACT,Activities Building,4530 Global Lane,"Fairfax, VA",Confirmed,1,Printer code confirmed by the user on 19 September 2026; physical address from the GMU building address directory.,https://ready.gmu.edu/fire-safety/addresses-assembly-areas/
FX,FX-AFC,Aquatic and Fitness Center,4520 Patriot Circle,"Fairfax, VA",Corroborated,1,Room 105 matches the replacement schedule.,https://ready.gmu.edu/fire-safety/addresses-assembly-areas/; https://registrar.gmu.edu/topics/building-codes/; https://abs.gmu.edu/campus-printer-fleet-upgrade-underway/
FX,FX-AQ,Aquia Building,4461 Aquia Creek Lane,"Fairfax, VA",Corroborated,6,Registrar code AQ; replacement schedule also lists Aquia printers.,https://ready.gmu.edu/fire-safety/addresses-assembly-areas/; https://registrar.gmu.edu/topics/building-codes/; https://abs.gmu.edu/campus-printer-fleet-upgrade-underway/
FX,"FX-BH, FX-MH, FX-MHG",James Buchanan Hall,4379 Mason Pond Drive,"Fairfax, VA",Corroborated,8,MH retains the former name Mason Hall; MHG is the ground-floor variant. BH room D205 and MH rooms D150/D170 match the replacement schedule.,https://ready.gmu.edu/fire-safety/addresses-assembly-areas/; https://printandmail.gmu.edu/locateprinters/; https://chss.gmu.edu/articles/10870; https://abs.gmu.edu/campus-printer-fleet-upgrade-underway/
FX,FX-BL,Blue Ridge Hall,4343A Chesapeake River Way,"Fairfax, VA",Corroborated,1,Registrar code BL and a public first-floor hallway printer.,https://ready.gmu.edu/fire-safety/addresses-assembly-areas/; https://printandmail.gmu.edu/locateprinters/; https://registrar.gmu.edu/topics/building-codes/; https://abs.gmu.edu/campus-printer-fleet-upgrade-underway/
FX,FX-CAROW,Carow Hall,4460 Rockfish Creek Lane,"Fairfax, VA",Corroborated,1,Room 5 matches the replacement schedule.,https://ready.gmu.edu/fire-safety/addresses-assembly-areas/; https://registrar.gmu.edu/topics/building-codes/; https://abs.gmu.edu/campus-printer-fleet-upgrade-underway/
FX,FX-CDC,Child Development Center,4402 University Drive,"Fairfax, VA",Corroborated,1,Room 142 matches the replacement schedule.,https://ready.gmu.edu/fire-safety/addresses-assembly-areas/; https://abs.gmu.edu/campus-printer-fleet-upgrade-underway/
FX,FX-CFA,Center for the Arts,4373 Mason Pond Drive,"Fairfax, VA",Corroborated,2,Box office and production-office printers match the replacement schedule.,https://ready.gmu.edu/fire-safety/addresses-assembly-areas/; https://registrar.gmu.edu/topics/building-codes/; https://abs.gmu.edu/campus-printer-fleet-upgrade-underway/
FX,FX-CH,College Hall,4379 Mason Pond Drive,"Fairfax, VA",Corroborated,3,"Rooms C113, C200 and C211 match the replacement schedule. The address is shared with other buildings in the arts complex.",https://ready.gmu.edu/fire-safety/addresses-assembly-areas/; https://registrar.gmu.edu/topics/building-codes/; https://abs.gmu.edu/campus-printer-fleet-upgrade-underway/
FX,FX-CO,Commonwealth Hall,10408 Rivanna River Way,"Fairfax, VA",Corroborated,1,First-floor hallway printer matches the public directory; CO is interpreted from that context.,https://ready.gmu.edu/fire-safety/addresses-assembly-areas/; https://printandmail.gmu.edu/locateprinters/; https://abs.gmu.edu/campus-printer-fleet-upgrade-underway/
FX,FX-DK,David J. King Hall,10428 Rivanna River Way,"Fairfax, VA",Corroborated,3,Registrar code DK; the address directory calls it David King Hall.,https://ready.gmu.edu/fire-safety/addresses-assembly-areas/; https://registrar.gmu.edu/topics/building-codes/
FX,FX-DO,Dominion Hall,10410 Rivanna River Way,"Fairfax, VA",Corroborated,1,First-floor hallway printer matches the public directory; DO is interpreted from that context.,https://ready.gmu.edu/fire-safety/addresses-assembly-areas/; https://printandmail.gmu.edu/locateprinters/; https://abs.gmu.edu/campus-printer-fleet-upgrade-underway/
FX,FX-E,East Building,4405 Patriot Circle,"Fairfax, VA",Corroborated,1,Registrar code E.,https://ready.gmu.edu/fire-safety/addresses-assembly-areas/; https://registrar.gmu.edu/topics/building-codes/
FX,FX-EA,Eastern Shore Hall,4403 Patriot Circle,"Fairfax, VA",Corroborated,1,Room 1003 matches the public printer directory and replacement schedule.,https://ready.gmu.edu/fire-safety/addresses-assembly-areas/; https://printandmail.gmu.edu/locateprinters/; https://abs.gmu.edu/campus-printer-fleet-upgrade-underway/
FX,FX-EBA,EagleBank Arena,4500 Patriot Circle,"Fairfax, VA",Corroborated,3,"Rooms 1088, 1091 and the box office match the replacement schedule.",https://ready.gmu.edu/fire-safety/addresses-assembly-areas/; https://abs.gmu.edu/campus-printer-fleet-upgrade-underway/
FX,FX-EI,Eisenhower Hall,10445 Presidents Park Drive,"Fairfax, VA",Corroborated,1,First-floor hall printer matches the public directory and replacement schedule.,https://ready.gmu.edu/fire-safety/addresses-assembly-areas/; https://printandmail.gmu.edu/locateprinters/; https://abs.gmu.edu/campus-printer-fleet-upgrade-underway/
FX,FX-ENG,Long and Kimmy Nguyen Engineering Building,4511 Patriot Circle,"Fairfax, VA",Corroborated,15,ENG printer rooms and floors match the university Engineering schedule; the registrar uses ENGR.,https://ready.gmu.edu/fire-safety/addresses-assembly-areas/; https://printandmail.gmu.edu/locateprinters/; https://registrar.gmu.edu/topics/building-codes/; https://abs.gmu.edu/campus-printer-fleet-upgrade-underway/
FX,"FX-ENT, FX-ENTG",Enterprise Hall,10443 Sandy Creek Lane,"Fairfax, VA",Corroborated,6,ENT is the registrar code; ENTG is the ground-floor variant. Several rooms match the replacement schedule.,https://ready.gmu.edu/fire-safety/addresses-assembly-areas/; https://registrar.gmu.edu/topics/building-codes/; https://abs.gmu.edu/campus-printer-fleet-upgrade-underway/
FX,FX-EXPL,Exploratory Hall,10431 Rivanna River Way,"Fairfax, VA",Corroborated,9,Registrar code EXPL and matching replacement-schedule rooms.,https://ready.gmu.edu/fire-safety/addresses-assembly-areas/; https://registrar.gmu.edu/topics/building-codes/; https://abs.gmu.edu/campus-printer-fleet-upgrade-underway/
FX,FX-FARCH,Facilities Management Archives and Shops,10398 Rivanna River Way,"Fairfax, VA",Inferred,1,FARCH is interpreted as facilities archives; the building address is official but this printer-code match is not independently published.,https://ready.gmu.edu/fire-safety/addresses-assembly-areas/
FX,FX-FCPT,Facilities (FCPT),,"Fairfax, VA",Unresolved,1,Station FX-FCPT1-114-4935. No reliable public expansion or exact building address found; do not assign the general Facilities address as fact.,https://ready.gmu.edu/fire-safety/addresses-assembly-areas/
FX,FX-FH,Field House,4501 University Drive,"Fairfax, VA",Corroborated,3,"Rooms 101, 129 and 147 match the replacement schedule. AR-FH refers to a different building.",https://ready.gmu.edu/fire-safety/addresses-assembly-areas/; https://registrar.gmu.edu/topics/building-codes/; https://abs.gmu.edu/campus-printer-fleet-upgrade-underway/
FX,FX-FINLEY,Finley Building,4407 Patriot Circle,"Fairfax, VA",Corroborated,1,Registrar code FINLEY.,https://ready.gmu.edu/fire-safety/addresses-assembly-areas/; https://registrar.gmu.edu/topics/building-codes/
FX,FX-FL,Fenwick Library,4348 Chesapeake River Way,"Fairfax, VA",Corroborated,11,FL room/floor combinations match the Fenwick replacement schedule. AR-FHLIB is a different library.,https://ready.gmu.edu/fire-safety/addresses-assembly-areas/; https://printandmail.gmu.edu/locateprinters/; https://abs.gmu.edu/campus-printer-fleet-upgrade-underway/
FX,FX-FM,Facilities Maintenance Building,10400 Rivanna River Way,"Fairfax, VA",Inferred,2,"Likely the maintenance building, distinct from FMADMIN and FARCH. Exact mapping of rooms 005 and 024B needs Facilities confirmation.",https://ready.gmu.edu/fire-safety/addresses-assembly-areas/
FX,FX-FMADMIN,Facilities Administration,10402 Rivanna River Way,"Fairfax, VA",Corroborated,2,The explicit code agrees with Facilities' published physical building address.,https://ready.gmu.edu/fire-safety/addresses-assembly-areas/; https://facilities.gmu.edu/connect-with-us/
FX,FX-FMCHCP,Central Heating and Cooling Plant,10403 Rivanna River Way,"Fairfax, VA",Inferred,1,CHCP expands to the plant name; address is official. The station-prefix match is inferred.,https://ready.gmu.edu/fire-safety/addresses-assembly-areas/
FX,FX-FMHR,Facilities Human Resources,,"Fairfax, VA",Unresolved,1,Station FX-FMHR1-101-3930. Facilities HR is a unit; its presence does not establish which building houses this printer.,https://facilities.gmu.edu/connect-with-us/
FX,FX-FMW,Facilities Warehouse,10401 Rivanna River Way,"Fairfax, VA",Corroborated,1,Room 113 matches the Central Warehouse replacement-schedule entry.,https://ready.gmu.edu/fire-safety/addresses-assembly-areas/; https://abs.gmu.edu/campus-printer-fleet-upgrade-underway/
FX,FX-HA,Hampton Roads Hall,4401 Patriot Circle,"Fairfax, VA",Corroborated,1,Room 1001 matches Hampton Roads/Pilot House in the public printer directory.,https://ready.gmu.edu/fire-safety/addresses-assembly-areas/; https://printandmail.gmu.edu/locateprinters/; https://abs.gmu.edu/campus-printer-fleet-upgrade-underway/
FX,FX-HOLL,Hanover Hall,10418 Rivanna River Way,"Fairfax, VA",Inferred,1,"Likely the Hanover lower-level printer: the public directory lists Hanover, LL, lobby. HOLL is not independently documented as an alias.",https://ready.gmu.edu/fire-safety/addresses-assembly-areas/; https://printandmail.gmu.edu/locateprinters/; https://abs.gmu.edu/campus-printer-fleet-upgrade-underway/
FX,FX-HRZ,Horizon Hall,4475 Aquia Creek Lane,"Fairfax, VA",Corroborated,12,Room 3229 and other floors/rooms match the official printer lists.,https://ready.gmu.edu/fire-safety/addresses-assembly-areas/; https://printandmail.gmu.edu/locateprinters/; https://abs.gmu.edu/campus-printer-fleet-upgrade-underway/
FX,FX-HUB,The Hub,10423 Rivanna River Way,"Fairfax, VA",Corroborated,8,The physical building address; the mail/package delivery address may differ.,https://ready.gmu.edu/fire-safety/addresses-assembly-areas/; https://printandmail.gmu.edu/locateprinters/; https://registrar.gmu.edu/topics/building-codes/; https://abs.gmu.edu/campus-printer-fleet-upgrade-underway/
FX,FX-IN,Innovation Hall,4699 Mattaponi River Lane,"Fairfax, VA",Corroborated,2,Registrar code IN; room 301A and 423 match the replacement schedule.,https://ready.gmu.edu/fire-safety/addresses-assembly-areas/; https://printandmail.gmu.edu/locateprinters/; https://registrar.gmu.edu/topics/building-codes/; https://abs.gmu.edu/campus-printer-fleet-upgrade-underway/
FX,"FX-JC, FX-JCG",Johnson Center,4477 Aquia Creek Lane,"Fairfax, VA",Corroborated,12,JCG is the ground-floor variant; rooms G10A and G18 corroborate this interpretation.,https://ready.gmu.edu/fire-safety/addresses-assembly-areas/; https://printandmail.gmu.edu/locateprinters/; https://registrar.gmu.edu/topics/building-codes/; https://abs.gmu.edu/campus-printer-fleet-upgrade-underway/
FX,FX-KB,Krasnow Institute Building,4461 Rockfish Creek Lane,"Fairfax, VA",Corroborated,2,Registrar code KB; room 106 matches the replacement schedule.,https://ready.gmu.edu/fire-safety/addresses-assembly-areas/; https://registrar.gmu.edu/topics/building-codes/; https://abs.gmu.edu/campus-printer-fleet-upgrade-underway/
FX,"FX-KH, FX-KRUG",Krug Hall,4467 Aquia Creek Lane,"Fairfax, VA",Corroborated,3,"KH is the registrar code; rooms 110, 202 and 213 match the replacement schedule.",https://ready.gmu.edu/fire-safety/addresses-assembly-areas/; https://registrar.gmu.edu/topics/building-codes/; https://abs.gmu.edu/campus-printer-fleet-upgrade-underway/
FX,FX-LI,Liberty Square,10440 Presidents Park Drive,"Fairfax, VA",Corroborated,1,Room C111 matches the public printer directory and replacement schedule.,https://ready.gmu.edu/fire-safety/addresses-assembly-areas/; https://printandmail.gmu.edu/locateprinters/; https://abs.gmu.edu/campus-printer-fleet-upgrade-underway/
FX,FX-MG,Ángel Cabrera Global Center,4352 Mason Pond Drive,"Fairfax, VA",Corroborated,4,Formerly Mason Global Center; rooms 1305 and 1315 match the public printer directory.,https://ready.gmu.edu/fire-safety/addresses-assembly-areas/; https://printandmail.gmu.edu/locateprinters/
FX,FX-MRT,Alan and Sally Merten Hall,4441 George Mason Boulevard,"Fairfax, VA",Corroborated,16,"Several rooms, including 4123, match the replacement schedule. This is the actual Merten prefix; MH is Buchanan Hall.",https://ready.gmu.edu/fire-safety/addresses-assembly-areas/; https://printandmail.gmu.edu/locateprinters/; https://registrar.gmu.edu/topics/building-codes/; https://abs.gmu.edu/campus-printer-fleet-upgrade-underway/
FX,FX-NA,Nottoway Annex,10470 Holston Creek Court,"Fairfax, VA",Corroborated,2,Rooms 111 and 126 match the replacement schedule.,https://ready.gmu.edu/fire-safety/addresses-assembly-areas/; https://abs.gmu.edu/campus-printer-fleet-upgrade-underway/
FX,FX-NEM,Northeast Module,4580 University Drive,"Fairfax, VA",Inferred,1,"NEM denotes Northeast Module, not Nguyen Engineering. The neighboring module has a separate NEM2 code; exact room 105 not independently checked.",https://ready.gmu.edu/fire-safety/addresses-assembly-areas/
FX,FX-NEM2,Northeast Module II,4590 University Drive,"Fairfax, VA",Corroborated,2,"NEM21 means module II, floor 1. Rooms 114 and 125D match the replacement schedule.",https://ready.gmu.edu/fire-safety/addresses-assembly-areas/; https://abs.gmu.edu/campus-printer-fleet-upgrade-underway/
FX,FX-NNH,Northern Neck Hall,4335 Chesapeake River Way,"Fairfax, VA",Corroborated,2,The public directory confirms a first-floor printer; NNH is interpreted as Northern Neck Hall.,https://ready.gmu.edu/fire-safety/addresses-assembly-areas/; https://printandmail.gmu.edu/locateprinters/
FX,FX-PAB,Donald and Nancy de Laski Performing Arts Building,4480 Aquia Creek Lane,"Fairfax, VA",Corroborated,3,"Registrar code PAB; rooms A300, 407 and 417B match the replacement schedule.",https://ready.gmu.edu/fire-safety/addresses-assembly-areas/; https://registrar.gmu.edu/topics/building-codes/; https://abs.gmu.edu/campus-printer-fleet-upgrade-underway/
FX,FX-PFHS,Peterson Hall,4408 Patriot Circle,"Fairfax, VA",Corroborated,16,"PFHS retains the longer building name. The address is for Peterson Hall, not the separate Population Health Center at 4410.",https://ready.gmu.edu/fire-safety/addresses-assembly-areas/; https://printandmail.gmu.edu/locateprinters/; https://abs.gmu.edu/campus-printer-fleet-upgrade-underway/
FX,FX-PH,Potomac Heights,10350 York River Road,"Fairfax, VA",Inferred,1,Likely Potomac Heights from the housing code and S022 room token; the exact printer-to-building assignment is not independently published.,https://ready.gmu.edu/fire-safety/addresses-assembly-areas/; https://housing.gmu.edu/residence-halls/upper-level-residence-halls/potomac-heights
FX,FX-PI,Piedmont Hall,4349A Chesapeake River Way,"Fairfax, VA",Corroborated,1,First-floor hallway printer matches the public directory and replacement schedule.,https://ready.gmu.edu/fire-safety/addresses-assembly-areas/; https://printandmail.gmu.edu/locateprinters/; https://abs.gmu.edu/campus-printer-fleet-upgrade-underway/
FX,FX-PLANET,Planetary Hall,10430 Rivanna River Way,"Fairfax, VA",Corroborated,2,Registrar code PLANET and matching room 303 in the replacement schedule.,https://ready.gmu.edu/fire-safety/addresses-assembly-areas/; https://registrar.gmu.edu/topics/building-codes/; https://abs.gmu.edu/campus-printer-fleet-upgrade-underway/
FX,FX-PS,Parking Services Building,10420 York River Road,"Fairfax, VA",Inferred,1,Likely Parking Services; separate PSHQ stations identify the police building. Exact room 115 needs confirmation.,https://ready.gmu.edu/fire-safety/addresses-assembly-areas/
FX,FX-PSHQ,Police and Safety Headquarters,4393 University Drive,"Fairfax, VA",Inferred,3,Explicit abbreviation matches the official building name; individual printer rooms are not listed publicly.,https://ready.gmu.edu/fire-safety/addresses-assembly-areas/
FX,FX-RAC,Recreation and Athletic Complex,4350A Banister Creek Court,"Fairfax, VA",Corroborated,2,Registrar code RAC. Current address directory distinguishes RAC (A) from the Basketball and Academic Performance Center (B).,https://ready.gmu.edu/fire-safety/addresses-assembly-areas/; https://registrar.gmu.edu/topics/building-codes/
FX,FX-RSCH,Research Hall,10401 York River Road,"Fairfax, VA",Corroborated,7,Registrar code RSCH and matching replacement-schedule rooms.,https://ready.gmu.edu/fire-safety/addresses-assembly-areas/; https://registrar.gmu.edu/topics/building-codes/; https://abs.gmu.edu/campus-printer-fleet-upgrade-underway/
FX,FX-SA,Sandbridge Hall,4343B Chesapeake River Way,"Fairfax, VA",Corroborated,1,Likely the printer listed as Sandridge in the public printer list; GMU's address directory names the building Sandbridge Hall.,https://ready.gmu.edu/fire-safety/addresses-assembly-areas/; https://printandmail.gmu.edu/locateprinters/
FX,FX-SD,Southside Dining Hall,4353 Chesapeake River Way,"Fairfax, VA",Corroborated,2,Rooms 1007 and 1040 match the replacement schedule.,https://ready.gmu.edu/fire-safety/addresses-assembly-areas/; https://abs.gmu.edu/campus-printer-fleet-upgrade-underway/
FX,FX-SUB1,Student Union Building I,4469 Aquia Creek Lane,"Fairfax, VA",Corroborated,17,"SUB12 is SUB I, floor 2; the final floor digit is not part of the building number.",https://ready.gmu.edu/fire-safety/addresses-assembly-areas/; https://printandmail.gmu.edu/locateprinters/; https://registrar.gmu.edu/topics/building-codes/
FX,"FX-T, FX-TG, FX-TL",Thompson Hall,4409 Patriot Circle,"Fairfax, VA",Corroborated,10,T is the registrar code; TG-G050 and TL-LOBBY match the ground/lower-level schedule entries.,https://ready.gmu.edu/fire-safety/addresses-assembly-areas/; https://printandmail.gmu.edu/locateprinters/; https://registrar.gmu.edu/topics/building-codes/; https://abs.gmu.edu/campus-printer-fleet-upgrade-underway/
FX,FX-TA,Taylor Hall,10444 Presidents Park Drive,"Fairfax, VA",Corroborated,1,First-floor hallway printer matches the public directory.,https://ready.gmu.edu/fire-safety/addresses-assembly-areas/; https://printandmail.gmu.edu/locateprinters/
FX,FX-W,West Building,4457 Aquia Creek Lane,"Fairfax, VA",Corroborated,1,Registrar code W.,https://ready.gmu.edu/fire-safety/addresses-assembly-areas/; https://registrar.gmu.edu/topics/building-codes/
FX,FX-WH,Whitetop Hall,4402 Aquia Creek Lane,"Fairfax, VA",Corroborated,1,First-floor lobby printer matches the public directory and replacement schedule.,https://ready.gmu.edu/fire-safety/addresses-assembly-areas/; https://printandmail.gmu.edu/locateprinters/; https://abs.gmu.edu/campus-printer-fleet-upgrade-underway/
FX,FX-WPM,West Physical Education Module,4540 Global Lane,"Fairfax, VA",Corroborated,1,Room 123 matches the replacement schedule.,https://ready.gmu.edu/fire-safety/addresses-assembly-areas/; https://abs.gmu.edu/campus-printer-fleet-upgrade-underway/
ST,ST-9485INOVDR,Innovation Park,9485 Innovation Drive,"Manassas, VA",Corroborated,1,The address is encoded directly in the station name; the official address directory calls it Innovation Park.,https://ready.gmu.edu/fire-safety/addresses-assembly-areas/
ST,ST-BEH,Beacon Hall,10945 George Mason Circle,"Manassas, VA",Corroborated,1,First-floor hallway printer matches the public directory and replacement schedule.,https://ready.gmu.edu/fire-safety/addresses-assembly-areas/; https://printandmail.gmu.edu/locateprinters/; https://abs.gmu.edu/campus-printer-fleet-upgrade-underway/
ST,ST-BRH,Katherine G. Johnson Hall,10890 George Mason Circle,"Manassas, VA",Corroborated,5,Formerly Bull Run Hall. The printer code and replacement schedule retain the older name.,https://ready.gmu.edu/fire-safety/addresses-assembly-areas/; https://printandmail.gmu.edu/locateprinters/; https://bov.gmu.edu/wp-content/uploads/meeting-book-full-board-meeting-may-2-2019-updated-5.16.2019.pdf; https://abs.gmu.edu/campus-printer-fleet-upgrade-underway/
ST,ST-BRL,Biomedical Research Laboratory,10650 Pyramid Place,"Manassas, VA",Inferred,1,BRL matches the laboratory name; the exact room 182 printer is not independently documented. Do not substitute the adjacent BRL Annex address.,https://ready.gmu.edu/fire-safety/addresses-assembly-areas/
ST,ST-CCH,Senator Charles J. Colgan Hall,10900 George Mason Circle,"Manassas, VA",Corroborated,5,Library-front location and room 218 match public printer sources; address directory shortens the name to Colgan Hall.,https://ready.gmu.edu/fire-safety/addresses-assembly-areas/; https://printandmail.gmu.edu/locateprinters/; https://abs.gmu.edu/campus-printer-fleet-upgrade-underway/
ST,ST-DH,Discovery Hall,10910 George Mason Circle,"Manassas, VA",Corroborated,4,"Rooms 110, 178 and 251 match the replacement schedule.",https://ready.gmu.edu/fire-safety/addresses-assembly-areas/; https://registrar.gmu.edu/topics/building-codes/; https://abs.gmu.edu/campus-printer-fleet-upgrade-underway/
ST,ST-FC,Freedom Aquatic and Fitness Center,9100 Freedom Center Boulevard,"Manassas, VA",Corroborated,1,Registrar code PW-FC; ST is the printer inventory's SciTech prefix.,https://ready.gmu.edu/fire-safety/addresses-assembly-areas/; https://registrar.gmu.edu/topics/building-codes/
ST,ST-FTP,Facilities parts / trailer,,"Manassas, VA",Unresolved,1,Station ST-FTP-PARTS-359. The replacement schedule confirms a Facilities parts printer; it does not give a street address. Physical Plant Compound at 10891 George Mason Circle is a candidate only.,https://ready.gmu.edu/fire-safety/addresses-assembly-areas/; https://abs.gmu.edu/campus-printer-fleet-upgrade-underway/
ST,ST-HPAC,Hylton Performing Arts Center,10960 George Mason Circle,"Manassas, VA",Inferred,2,HPAC unambiguously abbreviates the center name; the individual rooms are not publicly corroborated. The Education Wing has a separate address.,https://ready.gmu.edu/fire-safety/addresses-assembly-areas/
ST,ST-IABR,Institute for Advanced Biomedical Research,10920 George Mason Circle,"Manassas, VA",Corroborated,3,The explicit abbreviation agrees with the official building name.,https://ready.gmu.edu/fire-safety/addresses-assembly-areas/; https://registrar.gmu.edu/topics/building-codes/
ST,ST-LSEB,Life Sciences and Engineering Building,10930 George Mason Circle,"Manassas, VA",Corroborated,4,Registrar code PW-LSEB; rooms 2501 and 3405 match the replacement schedule.,https://ready.gmu.edu/fire-safety/addresses-assembly-areas/; https://registrar.gmu.edu/topics/building-codes/; https://abs.gmu.edu/campus-printer-fleet-upgrade-underway/
WB,WB-PSC,Potomac Science Center,650 Mason Ferry Avenue,"Woodbridge, VA",Corroborated,2,Woodbridge location; rooms 1305 and 3119 match the replacement schedule.,https://ready.gmu.edu/fire-safety/addresses-assembly-areas/; https://registrar.gmu.edu/topics/building-codes/; https://abs.gmu.edu/campus-printer-fleet-upgrade-underway/
